url,urlComes,time
https://m.facebook.com/home.php?ref=bookmarks&refid=17,https://m.facebook.com/OpticaOroelJaca/?ref=bookmarks,2017-03-29 18:45:29.459758
http://www.opticaoroel.com/,http://www.opticaoroel.com/,2017-03-29 18:45:29.888908
https://m.facebook.com/home.php?ref=bookmarks&refid=52,https://m.facebook.com/story.php?_ft_=top_level_post_id.652963518244208%3Atl_objid.652963518244208%3Athid.437727393101156%3A306061129499414%3A2%3A0%3A1491029999%3A-6501859192662780675&id=437727393101156&ref=bookmarks&refid=17&story_fbid=652963518244208,2017-03-29 18:45:30.425890
http://www.opticaoroel.com/,http://www.opticaoroel.com/?add-to-cart=498,2017-03-29 18:45:30.825296
http://www.opticaoroel.com/,http://www.opticaoroel.com/?add-to-cart=497,2017-03-29 18:45:30.869407
https://m.facebook.com/home.php?ref=bookmarks,https://m.facebook.com/OpticaOroelJaca/photos/pcb.652963518244208/652954328245127/?_ft_=top_level_post_id.652963518244208%3Atl_objid.652963518244208%3Athid.437727393101156%3A306061129499414%3A2%3A0%3A1491029999%3A-6501859192662780675&ref=bookmarks&refid=17&source=48&type=3,2017-03-29 18:45:30.875107
http://www.opticaoroel.com/,http://www.opticaoroel.com/?add-to-cart=502,2017-03-29 18:45:30.920726
http://www.opticaoroel.com/,http://www.opticaoroel.com/product/sample-product/emporio-armani-2036/,2017-03-29 18:45:31.051699
http://www.opticaoroel.com/,http://www.opticaoroel.com/product/sample-product/empori-armani-4099/,2017-03-29 18:45:31.089474
https://m.facebook.com/home.php?ref=bookmarks,https://m.facebook.com/OpticaOroelJaca/photos/pcb.652963518244208/652954331578460/?_ft_=top_level_post_id.652963518244208%3Atl_objid.652963518244208%3Athid.437727393101156&ref=bookmarks&refid=52&source=48&type=3,2017-03-29 18:45:31.148976
http://www.opticaoroel.com/,http://www.opticaoroel.com/product/sample-product/emporio-armani-2033/,2017-03-29 18:45:31.169589
http://www.opticaoroel.com/,http://www.opticaoroel.com/product/sample-product/oakley-radar-ev-path/,2017-03-29 18:45:31.248617
https://m.facebook.com/home.php?ref=bookmarks,https://m.facebook.com/OpticaOroelJaca/photos/pcb.652963518244208/652954328245127/?_ft_=top_level_post_id.652963518244208%3Atl_objid.652963518244208%3Athid.437727393101156&ref=bookmarks&refid=52&source=48&type=3,2017-03-29 18:45:31.535144
https://m.facebook.com/home.php?ref=bookmarks&refid=52,https://m.facebook.com/story.php?__tn__=C&_ft_=top_level_post_id.652963518244208%3Atl_objid.652963518244208%3Athid.437727393101156&id=437727393101156&ref=bookmarks&refid=52&story_fbid=652963518244208,2017-03-29 18:45:31.584685
https://m.facebook.com/home.php?ref=bookmarks&refid=52,https://m.facebook.com/story.php?_ft_=top_level_post_id.652963518244208%3Atl_objid.652963518244208%3Athid.437727393101156&id=437727393101156&ref=bookmarks&story_fbid=652963518244208,2017-03-29 18:45:31.856743
https://m.facebook.com/home.php?ref=bookmarks&refid=17,https://m.facebook.com/OpticaOroelJaca/?_ft_=top_level_post_id.652963518244208%3Atl_objid.652963518244208%3Athid.437727393101156&ref=bookmarks,2017-03-29 18:45:31.895075
https://m.facebook.com/home.php?ref=bookmarks&refid=13,https://m.facebook.com/photo.php?_ft_=top_level_post_id.652963518244208%3Atl_objid.652963518244208%3Athid.437727393101156&fbid=652954331578460&id=437727393101156&ref=bookmarks&set=pcb.652963518244208&source=48,2017-03-29 18:45:31.919846
https://m.facebook.com/reg/?cid=102&ref=bookmarks&refid=9,https://m.facebook.com/login.php?_ft_=top_level_post_id.652963518244208%3Atl_objid.652963518244208%3Athid.437727393101156&next=https%3A%2F%2Fm.facebook.com%2FOpticaOroelJaca%2Fphotos%2Fpcb.652963518244208%2F652954328245127%2F%3F_ft_%3Dtop_level_post_id.652963518244208%253Atl_objid.652963518244208%253Athid.437727393101156%253A306061129499414%253A2%253A0%253A1491029999%253A-6501859192662780675%26ref%3Dbookmarks%26refid%3D17%26source%3D48%26type%3D3&ref=bookmarks&refsrc=https%3A%2F%2Fm.facebook.com%2FOpticaOroelJaca%2F%3Fref%3Dbookmarks,2017-03-29 18:45:31.967729
https://m.facebook.com/reg/?cid=102&ref=bookmarks&refid=9,https://m.facebook.com/login.php?next=https%3A%2F%2Fm.facebook.com%2FOpticaOroelJaca%2Falbums%2F437730436434185%2F%3F_ft_%3Dtop_level_post_id.652963518244208%253Atl_objid.652963518244208%253Athid.437727393101156%26ref%3Dbookmarks&refsrc=https%3A%2F%2Fm.facebook.com%2FOpticaOroelJaca%2Fphotos%2Fpcb.652963518244208%2F652954328245127%2F%3Fref%3Dbookmarks&ref=bookmarks&_rdr,2017-03-29 18:45:32.070292
https://m.facebook.com/reg/?cid=102&ref=bookmarks&refid=9,https://m.facebook.com/login.php?next=https%3A%2F%2Fm.facebook.com%2Fstory.php%3F__tn__%3DC%26_ft_%3Dtop_level_post_id.652963518244208%253Atl_objid.652963518244208%253Athid.437727393101156%26id%3D437727393101156%26ref%3Dbookmarks%26refid%3D52%26story_fbid%3D652963518244208&ref=bookmarks&refid=52&refsrc=https%3A%2F%2Fm.facebook.com%2Fstory.php%3Fref%3Dbookmarks,2017-03-29 18:45:32.106798
https://m.facebook.com/home.php?ref=bookmarks,https://m.facebook.com/r.php?next=https%3A%2F%2Fm.facebook.com%2Fstory.php%3F__tn__%3DC%26_ft_%3Dtop_level_post_id.652963518244208%253Atl_objid.652963518244208%253Athid.437727393101156%26id%3D437727393101156%26ref%3Dbookmarks%26refid%3D52%26story_fbid%3D652963518244208&ref=bookmarks&refid=52,2017-03-29 18:45:32.309780
http://www.opticaoroel.com/,http://www.opticaoroel.com/?add-to-cart=506,2017-03-29 18:45:32.332678
https://m.facebook.com/reg/?cid=102&ref=bookmarks&refid=9,https://m.facebook.com/login.php?_ft_=top_level_post_id.652963518244208%3Atl_objid.652963518244208%3Athid.437727393101156&next=https%3A%2F%2Fm.facebook.com%2FOpticaOroelJaca%2Fphotos%2Fpcb.652963518244208%2F652954328245127%2F%3F_ft_%3Dtop_level_post_id.652963518244208%253Atl_objid.652963518244208%253Athid.437727393101156%26ref%3Dbookmarks%26refid%3D52%26source%3D48%26type%3D3&ref=bookmarks&refsrc=https%3A%2F%2Fm.facebook.com%2Fstory.php%3Fref%3Dbookmarks,2017-03-29 18:45:32.360023
https://m.facebook.com/home.php?ref=bookmarks,https://m.facebook.com/r.php?_ft_=top_level_post_id.652963518244208%3Atl_objid.652963518244208%3Athid.437727393101156&next=https%3A%2F%2Fm.facebook.com%2FOpticaOroelJaca%2Fphotos%2Fpcb.652963518244208%2F652954328245127%2F%3F_ft_%3Dtop_level_post_id.652963518244208%253Atl_objid.652963518244208%253Athid.437727393101156%26ref%3Dbookmarks%26refid%3D52%26source%3D48%26type%3D3&ref=bookmarks,2017-03-29 18:45:33.068979
https://m.facebook.com/r.php?next=https%3A%2F%2Fm.facebook.com%2Fhelp%2F%3Fref%3Dbookmarks%26refid%3D9&ref=bookmarks&refid=6,https://m.facebook.com/help/?ref=bookmarks&refid=9,2017-03-29 18:45:33.580322
https://m.facebook.com/home.php?ref=bookmarks,https://m.facebook.com/reg/?cid=103&ref=bookmarks&refid=9,2017-03-29 18:45:33.609571
https://m.facebook.com/home.php?ref=bookmarks&refid=17,https://m.facebook.com/OpticaOroelJaca/?__tn__=C&_ft_=top_level_post_id.652963518244208%3Atl_objid.652963518244208%3Athid.437727393101156&ref=bookmarks&refid=52,2017-03-29 18:45:33.681607
http://www.opticaoroel.com/,http://www.opticaoroel.com/?add-to-cart=510,2017-03-29 18:45:33.744682
http://www.opticaoroel.com/,http://www.opticaoroel.com/product/sample-product/emporio-armani-4004/,2017-03-29 18:45:33.897016
https://m.facebook.com/home.php?ref=bookmarks,https://m.facebook.com/login/identify/?ctx=recover&c=https%3A%2F%2Fm.facebook.com%2Flogin.php%3F_ft_%3Dtop_level_post_id.652963518244208%253Atl_objid.652963518244208%253Athid.437727393101156%26next%3Dhttps%253A%252F%252Fm.facebook.com%252FOpticaOroelJaca%252Fphotos%252Fpcb.652963518244208%252F652954328245127%252F%253F_ft_%253Dtop_level_post_id.652963518244208%25253Atl_objid.652963518244208%25253Athid.437727393101156%25253A306061129499414%25253A2%25253A0%25253A1491029999%25253A-6501859192662780675%2526ref%253Dbookmarks%2526refid%253D17%2526source%253D48%2526type%253D3%26ref%3Dbookmarks%26refsrc%3Dhttps%253A%252F%252Fm.facebook.com%252FOpticaOroelJaca%252F%253Fref%253Dbookmarks&lwv=100&ref=bookmarks&_rdr,2017-03-29 18:45:34.153709
https://m.facebook.com/home.php?ref=bookmarks,https://m.facebook.com/login/identify/?ctx=recover&c=https%3A%2F%2Fm.facebook.com%2Flogin.php%3Fnext%3Dhttps%253A%252F%252Fm.facebook.com%252FOpticaOroelJaca%252Falbums%252F437730436434185%252F%253F_ft_%253Dtop_level_post_id.652963518244208%25253Atl_objid.652963518244208%25253Athid.437727393101156%2526ref%253Dbookmarks%26refsrc%3Dhttps%253A%252F%252Fm.facebook.com%252FOpticaOroelJaca%252Fphotos%252Fpcb.652963518244208%252F652954328245127%252F%253Fref%253Dbookmarks%26ref%3Dbookmarks&lwv=100&ref=bookmarks&_rdr,2017-03-29 18:45:34.203730
http://www.opticaoroel.com/,http://www.opticaoroel.com/?add-to-cart=521,2017-03-29 18:45:34.266175
http://www.opticaoroel.com/,http://www.opticaoroel.com/?add-to-cart=517,2017-03-29 18:45:34.311058
https://m.facebook.com/reg/?cid=102&ref=bookmarks,https://m.facebook.com/login/?ref=bookmarks,2017-03-29 18:45:34.329798
https://m.facebook.com/home.php?ref=bookmarks,https://m.facebook.com/login/identify/?ctx=recover&c=https%3A%2F%2Fm.facebook.com%2Flogin.php%3Fnext%3Dhttps%253A%252F%252Fm.facebook.com%252Fstory.php%253F__tn__%253DC%2526_ft_%253Dtop_level_post_id.652963518244208%25253Atl_objid.652963518244208%25253Athid.437727393101156%2526id%253D437727393101156%2526ref%253Dbookmarks%2526refid%253D52%2526story_fbid%253D652963518244208%26ref%3Dbookmarks%26refid%3D52%26refsrc%3Dhttps%253A%252F%252Fm.facebook.com%252Fstory.php%253Fref%253Dbookmarks&lwv=100&ref=bookmarks&_rdr,2017-03-29 18:45:34.339355
http://www.opticaoroel.com/,http://www.opticaoroel.com/product/sample-product/emporio-armani-4073/,2017-03-29 18:45:34.543193
https://m.facebook.com/home.php?ref=bookmarks,https://m.facebook.com/about/privacy/?ref=bookmarks,2017-03-29 18:45:34.566450
http://www.opticaoroel.com/,http://www.opticaoroel.com/product/sample-product/emporio-armani-4101/,2017-03-29 18:45:34.734908
https://m.facebook.com/business?ref=bookmarks,https://m.facebook.com/business/help?ref=bookmarks&refid=6,2017-03-29 18:45:34.762118
http://www.opticaoroel.com/,http://www.opticaoroel.com/product/sample-product/emporio-armani-4097/,2017-03-29 18:45:34.777655
https://m.facebook.com/home.php?ref=bookmarks,https://m.facebook.com/login/identify/?ctx=recover&c=https%3A%2F%2Fm.facebook.com%2Flogin.php%3F_ft_%3Dtop_level_post_id.652963518244208%253Atl_objid.652963518244208%253Athid.437727393101156%26next%3Dhttps%253A%252F%252Fm.facebook.com%252FOpticaOroelJaca%252Fphotos%252Fpcb.652963518244208%252F652954328245127%252F%253F_ft_%253Dtop_level_post_id.652963518244208%25253Atl_objid.652963518244208%25253Athid.437727393101156%2526ref%253Dbookmarks%2526refid%253D52%2526source%253D48%2526type%253D3%26ref%3Dbookmarks%26refsrc%3Dhttps%253A%252F%252Fm.facebook.com%252Fstory.php%253Fref%253Dbookmarks&lwv=100&ref=bookmarks&_rdr,2017-03-29 18:45:34.917281
https://m.facebook.com/home.php?ref=bookmarks,https://m.facebook.com/hashtag/muchoquevercontigo?_ft_=top_level_post_id.656401401233753%3Atl_objid.656401401233753%3Athid.437727393101156%3A306061129499414%3A69%3A0%3A1491029999%3A5050017596781731360&ref=bookmarks&refid=17,2017-03-29 18:45:34.994890
http://www.opticaoroel.com/,http://www.opticaoroel.com/product/sample-product/oakley-radar-ev-path/?add-to-cart=356,2017-03-29 18:45:35.043120
https://m.facebook.com/reg/?cid=102&ref=bookmarks,https://m.facebook.com/login/?_ft_=top_level_post_id.652963518244208%3Atl_objid.652963518244208%3Athid.437727393101156&next=https%3A%2F%2Fm.facebook.com%2FOpticaOroelJaca%2Fphotos%2Fpcb.652963518244208%2F652954328245127%2F%3F_ft_%3Dtop_level_post_id.652963518244208%253Atl_objid.652963518244208%253Athid.437727393101156%253A306061129499414%253A2%253A0%253A1491029999%253A-6501859192662780675%26ref%3Dbookmarks%26refid%3D17%26source%3D48%26type%3D3&ref=bookmarks&refsrc=https%3A%2F%2Fm.facebook.com%2FOpticaOroelJaca%2F%3Fref%3Dbookmarks,2017-03-29 18:45:35.047926
http://www.opticaoroel.com/,http://www.opticaoroel.com/product/sample-product/356/,2017-03-29 18:45:35.194022
https://m.facebook.com/reg/?cid=102&ref=bookmarks,https://m.facebook.com/login/?next=https%3A%2F%2Fm.facebook.com%2FOpticaOroelJaca%2Falbums%2F437730436434185%2F%3F_ft_%3Dtop_level_post_id.652963518244208%253Atl_objid.652963518244208%253Athid.437727393101156%26ref%3Dbookmarks&ref=bookmarks&refsrc=https%3A%2F%2Fm.facebook.com%2FOpticaOroelJaca%2Fphotos%2Fpcb.652963518244208%2F652954328245127%2F%3Fref%3Dbookmarks,2017-03-29 18:45:35.211287
https://m.facebook.com/home.php?ref=bookmarks,https://m.facebook.com/policies/cookies/?refsrc=https%3A%2F%2Fm.facebook.com%2Fr.php%3Fref%3Dbookmarks&ref=bookmarks&_rdr,2017-03-29 18:45:35.224324
https://m.facebook.com/r.php?next=https%3A%2F%2Fm.facebook.com%2Fhelp%2F%3Fref%3Dbookmarks&ref=bookmarks&refid=6,https://m.facebook.com/help/?ref=bookmarks,2017-03-29 18:45:35.286779
http://www.opticaoroel.com/,http://www.opticaoroel.com/product/sample-product/crossrange-xl/,2017-03-29 18:45:35.430836
http://www.opticaoroel.com/,http://www.opticaoroel.com/product/sample-product/emporio-armani-4004/?add-to-cart=469,2017-03-29 18:45:35.467297
https://m.facebook.com/home.php?ref=bookmarks,https://m.facebook.com/login/identify/?ctx=recover&c=https%3A%2F%2Fm.facebook.com%2Flogin%2F%3Fref%3Dbookmarks&lwv=100&ref=bookmarks&_rdr,2017-03-29 18:45:35.477730
https://m.facebook.com/home.php?ref=bookmarks,https://m.facebook.com/help/contact/1461223320847982?ref=bookmarks&refsrc=https%3A%2F%2Fm.facebook.com%2Fabout%2Fprivacy%2F%3Fref%3Dbookmarks&_rdr,2017-03-29 18:45:35.535216
https://m.facebook.com/reg/?cid=102&ref=bookmarks&refid=9,https://m.facebook.com/login.php?next=https%3A%2F%2Fm.facebook.com%2Fhelp%2F%3Fref%3Dbookmarks&ref=bookmarks&refid=6&refsrc=https%3A%2F%2Fm.facebook.com%2Flogin%2F%3Fref%3Dbookmarks,2017-03-29 18:45:35.673923
https://feedback-form.truste.com/watchdog/request,https://lm.facebook.com/l.php?h=ATMKLvqR4tIC9Anx_vtMabXP7379nXCLFQS48w5qXMjY3aX3R0O2hGDyprN5-EgC-C9lWgdLO2Y8q-vRdOFXF5Y1FL7Z2xsHwVTxOiNnfZp3B2JHbwmVaffui-b0&s=1&u=https%3A%2F%2Ffeedback-form.truste.com%2Fwatchdog%2Frequest,2017-03-29 18:45:35.754073
https://m.facebook.com/help/?helpref=header_back&ref=bookmarks&refid=69,https://m.facebook.com/help/562973647153813/?ref=bookmarks,2017-03-29 18:45:35.930407
https://m.facebook.com/help/?helpref=header_back&ref=bookmarks&refid=69,https://m.facebook.com/help/125338004213029?ref=bookmarks,2017-03-29 18:45:35.956491
https://m.facebook.com/business?ref=bookmarks,https://m.facebook.com/business/help/328674007509201?helpref=hc_global_nav&hub_path%5B0%5D=Billing+%26+Payments&ref=bookmarks,2017-03-29 18:45:35.997153
https://m.facebook.com/home.php?ref=bookmarks,https://m.facebook.com/help/contact/861937627253138?ref=bookmarks,2017-03-29 18:45:36.021874
http://www.opticaoroel.com/,http://www.opticaoroel.com/product/sample-product/emporio-armani-4004/?add-to-cart=473,2017-03-29 18:45:36.211459
https://m.facebook.com/help/?helpref=header_back&ref=bookmarks&refid=69,https://m.facebook.com/help/302796099745838?ref=bookmarks,2017-03-29 18:45:36.281231
https://m.facebook.com/home.php?ref=bookmarks,https://m.facebook.com/login/identify/?ctx=recover&c=https%3A%2F%2Fm.facebook.com%2Flogin.php%3Fnext%3Dhttps%253A%252F%252Fm.facebook.com%252Fhelp%252F%253Fref%253Dbookmarks%26ref%3Dbookmarks%26refid%3D6%26refsrc%3Dhttps%253A%252F%252Fm.facebook.com%252Flogin%252F%253Fref%253Dbookmarks&lwv=100&ref=bookmarks&_rdr,2017-03-29 18:45:36.472673
https://m.facebook.com/home.php?ref=bookmarks,https://m.facebook.com/language.php?hub_path%5B0%5D=Billing+%26+Payments&pageuri=%2Fbusiness%2Fhelp%2F328674007509201%3Fhelpref%3Dhc_global_nav&ref=bookmarks,2017-03-29 18:45:36.559580
https://insights.fb.com/,https://lm.facebook.com/l.php?h=ATNeawYEAj8uKvPvEh2mmyejKXQE0Eu8U1g2DjYzSFFOs2hSn7xYkaqmCQXqhm5myAekqUyPAiMqRNN3Lofy5ltm5FvSD5Ay1nRT3NgrE6MDzLJYoSGqFOnthMud&s=1&u=https%3A%2F%2Finsights.fb.com%2F,2017-03-29 18:45:36.612287
https://m.facebook.com/help/?helpref=header_back&ref=bookmarks&refid=69,https://m.facebook.com/help/437430672945092?ref=bookmarks,2017-03-29 18:45:37.184475
https://www.facebook.com/policies/cookies/,https://www.facebook.com/help/399224883474207?ref=bookmarks,2017-03-29 18:45:37.338982
http://www.truste.com/about_TRUSTe/,https://feedback-form.truste.com/watchdog/request,2017-03-29 18:45:37.495753
https://www.facebook.com/policies/cookies/,https://www.facebook.com/login/?next=https%3A%2F%2Fwww.intern.facebook.com%2Fhelp%2F212802592074644%3Fref%3Dbookmarks,2017-03-29 18:45:37.533839
http://www.opticaoroel.com/,http://www.opticaoroel.com/product/sample-product/356/?add-to-cart=497,2017-03-29 18:45:37.582985
https://www.facebook.com/policies/cookies/,https://www.facebook.com/help/185747581553788/?ref=bookmarks,2017-03-29 18:45:37.650434
https://m.facebook.com/reg/?cid=102&ref=bookmarks&refid=9,https://m.facebook.com/login.php?next=https%3A%2F%2Fm.facebook.com%2Fhelp%2F302796099745838%3Fref%3Dbookmarks&ref=bookmarks&refid=69&refsrc=https%3A%2F%2Fm.facebook.com%2Fabout%2Fprivacy%2F%3Fref%3Dbookmarks,2017-03-29 18:45:37.654814
https://www.facebook.com/policies/cookies/,https://www.facebook.com/help/1511251209137613?ref=bookmarks,2017-03-29 18:45:37.748467
https://m.facebook.com/help/?helpref=header_back&ref=bookmarks&refid=69,https://m.facebook.com/help/126776777422472?helpref=hc_fnav&ref=bookmarks&refid=69,2017-03-29 18:45:37.917692
http://www.opticaoroel.com/,http://www.opticaoroel.com/product/sample-product/emporio-armani-4097/?add-to-cart=421,2017-03-29 18:45:38.007221
https://www.facebook.com/policies/cookies/,https://www.facebook.com/careers/?ref=pf,2017-03-29 18:45:38.097774
https://m.facebook.com/business?ref=bookmarks,https://m.facebook.com/business/help/328674007509201?helpref=hc_global_nav&refsrc=https%3A%2F%2Fm.facebook.com%2Flanguage.php%3Fref%3Dbookmarks&ref=bookmarks&_rdr,2017-03-29 18:45:38.282865
https://www.facebook.com/policies/cookies/,https://www.facebook.com/pages/create/?ref_type=sitefooter,2017-03-29 18:45:38.413135
https://m.facebook.com/help/www/?helpref=header_back&ref=bookmarks&refid=69,https://m.facebook.com/help/www/302796099745838?ref=bookmarks&refid=69,2017-03-29 18:45:38.529270
https://www.facebook.com/policies/cookies/,https://www.facebook.com/safety/bullying,2017-03-29 18:45:38.620679
https://m.facebook.com/home.php?ref=bookmarks,https://m.facebook.com/r.php?next=https%3A%2F%2Fm.facebook.com%2Fhelp%2F302796099745838%3Fref%3Dbookmarks&ref=bookmarks&refid=69,2017-03-29 18:45:38.669375
https://www.facebook.com/policies/cookies/,https://www.facebook.com/campaign/landing.php?campaign_id=402047449186&extra_1=auto&placement=pflo,2017-03-29 18:45:38.891774
https://www.facebook.com/policies/cookies/,https://www.facebook.com/communitystandards/,2017-03-29 18:45:38.938551
https://www.facebook.com/policies/cookies/,https://www.facebook.com/help/131719720300233?helpref=page_content,2017-03-29 18:45:39.092877
https://m.facebook.com/home.php?ref=bookmarks,https://m.facebook.com/language.php?pageuri=%2Fbusiness%2Fhelp%2F328674007509201%3Fhelpref%3Dhc_global_nav&ref=bookmarks&refsrc=https%3A%2F%2Fm.facebook.com%2Flanguage.php%3Fref%3Dbookmarks,2017-03-29 18:45:39.149204
http://momentsapp.com/,http://l.facebook.com/l.php?h=ATMQhyLxTrHxTQvcoJO7vIx1fSGkrnhtBCWny0K6IYv1OaIzKRTfJTIFmynFO1WNWEsjjCzySEB0SNs2HlDAtjf6USHzFXrtQ0wEoFj_DgztUXQV82y3i6ACS8rK&s=1&u=http%3A%2F%2Fmomentsapp.com%2F,2017-03-29 18:45:39.226321
http://www.opticaoroel.com/,http://www.opticaoroel.com/product/sample-product/emporio-armani-4004/?add-to-cart=423,2017-03-29 18:45:39.439098
https://m.facebook.com/help/?helpref=header_back&ref=bookmarks&refid=69,https://m.facebook.com/help/103911089698763?helpref=related&ref=bookmarks&refid=69,2017-03-29 18:45:39.445817
http://www.opticaoroel.com/,http://www.opticaoroel.com/product/sample-product/356/?add-to-cart=425,2017-03-29 18:45:39.488624
http://www.opticaoroel.com/,http://www.opticaoroel.com/product/sample-product/emporio-armani-4097/?add-to-cart=429,2017-03-29 18:45:39.505405
http://www.fosi.org/,http://l.facebook.com/l.php?h=ATONJVD0zg7acgH1O3DXinNiEiebZPLV-9WkpmfSjArdwHLKtH4SWHD-xVAZtonhSaa5ga5vH_5y-02vb7onD6AeNQpxKk2hDUMzb19FPvxFa3MJ8hWxiCt6f9fW&s=1&u=http%3A%2F%2Fwww.fosi.org%2F,2017-03-29 18:45:39.607303
https://www.facebook.com/policies/cookies/,https://hi-in.facebook.com/help/1511251209137613?ref=bookmarks,2017-03-29 18:45:39.649296
http://www.youthkiawaaz.com/,http://l.facebook.com/l.php?h=ATMD1K6QEQIpAuBGRh9O2RiBbGj-n_XPPlJgvKGvdYJNFqpKMSXZme45JOdH6BetV8f-GofhoTA45K1-0ZZsybL1yx7g1-MBna1jwgZqVLqiYvaeY_OlLkxxFm7S&s=1&u=http%3A%2F%2Fwww.youthkiawaaz.com%2F,2017-03-29 18:45:39.652060
https://instagram.com/,https://l.facebook.com/l.php?h=ATM22a-k-LeAX38ptY5EpIEM3xX1KsUoAUPkBpDYlnnmp_y1tyWH08tkCYfoRencIGJBNFTH6hwjyTWqL0s1N4V3MLDCiLhtlDlO9vC2kOWNOgUfcOCffertrhIJ&s=1&u=https%3A%2F%2Finstagram.com%2F,2017-03-29 18:45:39.659822
http://www.opticaoroel.com/,http://www.opticaoroel.com/product/sample-product/emporio-armani-4097/?add-to-cart=498,2017-03-29 18:45:39.681526
https://instagram.com/,https://l.facebook.com/l.php?h=ATNup6Cs4iHutfJ2leasJlvn1r66DQp6NKWOX6Gk-EHo1ATXTtKuoZo-CDiokWo--Grqs4YMWDFxhnxln4Y2jO2TVXR1ZH2W8eRswPfsT-eks5VfFbyFulR5Hu4v&s=1&u=https%3A%2F%2Finstagram.com%2F,2017-03-29 18:45:39.952299
http://momentsapp.com/,http://l.facebook.com/l.php?h=ATMw2RVdc4AUxDQl5GI2_uTIJcJNdX2csNpSIYPhjuoWcgY5adXhnaKOGwXOsRGcKLj8AbgzsHhTZsb0glw2Od0dCv-bSU4gnhs1_Wkn8i9YtctAKdaofDYxBxKS&s=1&u=http%3A%2F%2Fmomentsapp.com%2F,2017-03-29 18:45:39.965908
https://www.facebook.com/policies/cookies/,https://www.facebook.com/business/,2017-03-29 18:45:40.185298
https://m.facebook.com/home.php?refid=17,https://m.facebook.com/katariba,2017-03-29 18:45:40.279556
https://m.facebook.com/home.php?refid=17,https://m.facebook.com/FamOnlineSafety,2017-03-29 18:45:40.324142
https://www.wiredsafety.org/,https://l.facebook.com/l.php?h=ATOqqGciln4ElWSf9PC_9AqPISjh35EdzS7yRNEbtfPH2EemxEkJnt0KrnalMX8nMm0VqSp6o9lmFZrteoW8DkaTt3QWJ9CUvRCxv5cjjqJkGwlQsiRVSGpPP73t&s=1&u=https%3A%2F%2Fwww.wiredsafety.org%2F,2017-03-29 18:45:40.326714
https://m.facebook.com/home.php?refid=17,https://m.facebook.com/sodateage.net,2017-03-29 18:45:40.441540
http://www.opticaoroel.com/,http://www.opticaoroel.com/product/sample-product/356/?add-to-cart=396,2017-03-29 18:45:40.511159
https://m.facebook.com/home.php?refid=17,https://m.facebook.com/LearningLinksIndia,2017-03-29 18:45:40.983539
https://www.facebook.com/policies/cookies/,https://hi-in.facebook.com/pages/create/?ref_type=sitefooter,2017-03-29 18:45:41.213363
https://www.facebook.com/policies/cookies/,https://ar-ar.facebook.com/campaign/landing.php?campaign_id=402047449186&extra_1=auto&placement=pflo,2017-03-29 18:45:41.346650
https://www.facebook.com/policies/cookies/,https://ar-ar.facebook.com/communitystandards/,2017-03-29 18:45:41.367276
https://www.facebook.com/policies/cookies/,https://de-de.facebook.com/communitystandards/,2017-03-29 18:45:41.388895
https://m.facebook.com/reg/?cid=102&refid=9,https://m.facebook.com/login.php?next=https%3A%2F%2Fm.facebook.com%2Fhome.php%3Frefid%3D17&refsrc=https%3A%2F%2Fm.facebook.com%2Fkatariba&refid=17&_rdr,2017-03-29 18:45:41.394160
https://www.facebook.com/policies/cookies/,https://pt-br.facebook.com/campaign/landing.php?campaign_id=402047449186&extra_1=auto&placement=pflo,2017-03-29 18:45:41.543387
https://www.facebook.com/policies/cookies/,https://pt-br.facebook.com/communitystandards/,2017-03-29 18:45:41.562565
https://m.facebook.com/home.php?refid=52,https://m.facebook.com/story.php?_ft_=top_level_post_id.1697600053589023%3Atl_objid.1697600053589023%3Athid.216590981689945%3A306061129499414%3A3%3A0%3A1491029999%3A-2307751296194285251&id=216590981689945&refid=17&story_fbid=1697600053589023,2017-03-29 18:45:41.568514
https://jp.stanby.com/ats/sodateage-net/jobs,https://lm.facebook.com/l.php?enc=AZPT2mjpChGUDZQ7mmrvEiBqohyr3Cd6Qze2OHv-MnAm4_WOGA8gHZahREHVd_JUgq4_C-BBAZQlVN4j4QoeacnAUg0rk2TrW8svHrCceeFAsDsdkC16VDkDiNHDvw7XxGebO9V5qYg8WNc_AM_01X3NCSc8kQGzjPUrJANhCl28wq8uwnv-So2RKJSDylVQLtdw448vljK6k2aMrnmrJeUoTaNmnT4YpZGPf5i2Er5Kde3WZeu2w3cU3HLI1Y9AcvMPNJt-1gvNnYj6WKVGuIR3JByItZz3W3vpyFAtYtmglwgCTjOEi9j5TarD8jKyP19vmmlPzqJAeTd4OxlFJhACLQPh3z_k1C-ZGxpgRrIqMw&h=ATM7pAaQldbEq1-akMafU5Yr88uoVvtdvsMCsmdXUZqkXHeG3LE_s3v0g1wznUDUYedhFITWkS0ZZdoB7b7Hxnb70oAP8AxMJbIPLbeLKH-G4BLQxLpK-tCMhmNI&s=1&u=https%3A%2F%2Fjp.stanby.com%2Fats%2Fsodateage-net%2Fjobs,2017-03-29 18:45:41.575956
https://m.facebook.com/home.php?refid=52,https://m.facebook.com/story.php?_ft_=top_level_post_id.1700875879928107%3Atl_objid.1700875879928107%3Athid.216590981689945%3A306061129499414%3A3%3A0%3A1491029999%3A-893955493925986215&id=216590981689945&refid=17&story_fbid=1700875879928107,2017-03-29 18:45:41.812532
https://feedback.truste.com/hc,https://feedback.truste.com/hc/en-us/restricted?return_to=https%3A%2F%2Ffeedback.truste.com%2Fhc%2Fen-us,2017-03-29 18:45:41.954100
https://m.facebook.com/careers/?ref=pf,https://m.facebook.com/careers/?ref=pf,2017-03-29 18:45:41.986528
https://www.facebook.com/policies/cookies/,https://ja-ks.facebook.com/help/1511251209137613?ref=bookmarks,2017-03-29 18:45:42.158384
http://www.opticaoroel.com/,http://www.opticaoroel.com/product/sample-product/emporio-armani-4097/?add-to-cart=473,2017-03-29 18:45:42.174472
https://m.facebook.com/reg/?cid=102&refid=9,https://m.facebook.com/login.php?next=https%3A%2F%2Fm.facebook.com%2F100006707686998%2Factivity%2F1804302216470017%3Frefid%3D17&refsrc=https%3A%2F%2Fm.facebook.com%2FLearningLinksIndia&_rdr,2017-03-29 18:45:42.178609
https://m.facebook.com/reg/?cid=102&refid=9,https://m.facebook.com/login.php?next=https%3A%2F%2Fm.facebook.com%2Ftimeline%2Fapp_collection%2F%3Fcollection_token%3D100006707686998%253A254984101287276%253A128%26refid%3D17&refsrc=https%3A%2F%2Fm.facebook.com%2FLearningLinksIndia&_rdr,2017-03-29 18:45:42.343270
https://m.facebook.com/home.php?refid=17,https://m.facebook.com/sodateage.net/?__tn__=C&_ft_=top_level_post_id.1697600053589023%3Atl_objid.1697600053589023%3Athid.216590981689945%3A306061129499414%3A3%3A0%3A1491029999%3A-2307751296194285251&refid=17,2017-03-29 18:45:42.377048
https://m.facebook.com/home.php,https://m.facebook.com/search/114769691872352/places-in/2250/places/intersect/?refid=17,2017-03-29 18:45:42.390756
https://m.facebook.com/reg/?cid=102,https://m.facebook.com/login/?_ft_=top_level_post_id.1697600053589023%3Atl_objid.1697600053589023%3Athid.216590981689945&next=https%3A%2F%2Fm.facebook.com%2Fstory.php%3F_ft_%3Dtop_level_post_id.1697600053589023%253Atl_objid.1697600053589023%253Athid.216590981689945%253A306061129499414%253A3%253A0%253A1491029999%253A-2307751296194285251%26id%3D216590981689945%26refid%3D17%26story_fbid%3D1697600053589023&refid=52,2017-03-29 18:45:42.465930
https://jp.stanby.com/ats/sodateage-net/jobs,https://lm.facebook.com/l.php?enc=AZOE9DOypQt1ghFTIpkfDxLxzcz2ITmBhMUVpV26NjQwgkE9RYmhbv1nS3vQAh-acvXKt3vlnujEKABJPuoWwP_-c0MeLAA1FRz3d3FdI0JUbUruDX6WPhdCH0fETbuxeR2_uiTuIRQSGRaetNZ8DpQTWaKXDYiYgA6UMka0m7kOx4RKxNrzRbRlwe9ViUDuEjQJDd8GTkt8qdwf-Eub41Tf5mo85G0BvDh6v24yH1b17EM8zf4eyT-c8LM2Ch7TvfzX52QfKXL3zsM2uCWy0z4XywWKpuqhXvEidq2ORcwnRTWmKM-97gh9TVaNVvQnbmW4PzPulJAl3_Non6rO_wam7rz_92Hj_h8Le3hGngXazA&h=ATP4LPtOF7NO4_LfAmtbE_D9PY4tsT05XDomH2teOvVS5K6Pa9zME1oO8MUvztDdGhvFPD48FfIZrkLA_twnG74ROXdFo4W-HuwbCI8OUgyryA0S9FHlnu1Al6SR&s=1&u=https%3A%2F%2Fjp.stanby.com%2Fats%2Fsodateage-net%2Fjobs,2017-03-29 18:45:42.486488
https://jp.stanby.com/ats/sodateage-net/jobs,https://lm.facebook.com/l.php?enc=AZOD-xeKeGFHVe78bRvbdIf-d-LXgGDaUMIpRT6JXvzEdYMT4SfDGcVNQyHr4b5F9wbMtTAJAhWPwelur79jAKUEAlCF_r_t66iiFtef3AJJSOXDePou-vkRu0V487n636lC-zO7TBO8DOISRrC7zXQUi5kH213m2aBd_299XsIZworEEo-1oi1dDbhcE5on0bqRrIongtM1bJs8z9li9pLe-lhTZ5J7e208Y5454zowsAmtizWNB6zbZYC5CEeGm2CIKG6j6bcJVZFH-SH382SIWewV_PPr2Zh_ZDCE8pe7Bw&h=ATMsffFRJs-budjUQkS2hKWO8_VKo3Q3hmgxIkgGguOSTwEBwah3zAGVjP4TQhIfcuWevRE47pvZmfInfsmXifoApEjeXr2hTE-2_bm4PrWL_X9uN6M6h9twnN_a&s=1&u=https%3A%2F%2Fjp.stanby.com%2Fats%2Fsodateage-net%2Fjobs,2017-03-29 18:45:42.495785
https://m.facebook.com/home.php,https://m.facebook.com/policies/cookies/,2017-03-29 18:45:42.584449
https://m.facebook.com/home.php?refid=17,https://m.facebook.com/FoundationForLearning/?refid=17,2017-03-29 18:45:42.604798
https://www.sodateage.net/news/7181/,https://lm.facebook.com/l.php?enc=AZPwQlo5eINLECwaAxWHCNf8hEsVsf8PmRR_6LiApvplw8qqOCwnEXGxah6epVOG4Z7YI1RC4jC6mh_XsumXC_IUWdcJ83hDalvdxxzH4kp-WvyLz_2Sgfly0ZHCXRbnI1uIRQIU-0r3qXKqJtGWn-AuHbS9OUxWpDenW0Mte2VLnWBum5wSnQY8dfZzbfpd1kDe3v8KR4cLKB4mxghZ5Ol1S6_3136wQQbI9kWFMNH6CLQvohA0XkBr3f1CATLCjr0RjInhjpnsGHRXU1ppz3K54rEEcasF9a6XlPjaA2elmcogwyQmk98_dPq7188971fWKfdPC1ompzawcOjBs85p2VKsJdTVl8TlP3gZXva1cg&h=ATNOHJkbBhfngsiE3K2B73gMx5J5S6uNZ0-YrtaqM5J3bFrovHkGkmm-f7WrcfLcIrcusq324WLYd2W5H1x2i2TdIvVa5b5ULGXGHs0qL94S48t6yoI19xQ6Jt7Z&s=1&u=https%3A%2F%2Fwww.sodateage.net%2Fnews%2F7181%2F,2017-03-29 18:45:42.671095
http://www.opticaoroel.com/,http://www.opticaoroel.com/product/sample-product/emporio-armani-4097/?add-to-cart=427,2017-03-29 18:45:42.751260
https://instagram.com/,https://l.facebook.com/l.php?h=ATNbkv5K4FmKclNtlO7K5NTLRokGujw6EWu8dqU-aQ3o8Pw68PM8RgQrmNynb5kmJYDI-6j4YbkWlvb-I9AyFpZCKQW2dV94FOw0MJwPJtF0c1-utITd9jnq9nGr&s=1&u=https%3A%2F%2Finstagram.com%2F,2017-03-29 18:45:42.754181
http://momentsapp.com/,http://l.facebook.com/l.php?h=ATNZ4LNpQDLi59bsj33jUcUM1uY7NHRuLiHaywCz3kpI6GSWdh4ORQF2jmRV0Cv_6WN3ZQj4IKXKEWtTsKZMUKieXR5maNRpAj1fy24izuIfNKrR49145qTcf2Db&s=1&u=http%3A%2F%2Fmomentsapp.com%2F,2017-03-29 18:45:42.761971
https://m.facebook.com/home.php?refid=17,https://m.facebook.com/LearningLinksIndia/?__tn__=C&_ft_=top_level_post_id.737880073056170%3Atl_objid.737880073056170%3Athid.446628072181373%3A306061129499414%3A3%3A0%3A1491029999%3A5676616641618513281&refid=17,2017-03-29 18:45:42.897076
"https://www.glassdoor.com/Award/Best-Places-to-Work-LST_KQ0,19.htm",https://lm.facebook.com/l.php?h=ATPro-cClYqW6kNpxXlLg3G00EwRHhHID-zZVP5-LqgoVQsAxzqx8hsCLM5USLD9zAuQuyecJCkbFEJNx5Uoeu_TKnoNrtcNzNmQd2JE3SjtXoWVqO3HkAct8IR6&s=1&u=https%3A%2F%2Fwww.glassdoor.com%2FAward%2FBest-Places-to-Work-LST_KQ0%2C19.htm,2017-03-29 18:45:43.048021
https://m.facebook.com/home.php,https://m.facebook.com/campaign/landing.php?campaign_id=402047449186&extra_1=auto&placement=pflo,2017-03-29 18:45:43.135101
https://m.facebook.com/home.php,https://m.facebook.com/login/identify/?ctx=recover&c=https%3A%2F%2Fm.facebook.com%2Flogin.php%3Fnext%3Dhttps%253A%252F%252Fm.facebook.com%252F100006707686998%252Factivity%252F1804302216470017%253Frefid%253D17%26refsrc%3Dhttps%253A%252F%252Fm.facebook.com%252FLearningLinksIndia&lwv=100&_rdr,2017-03-29 18:45:43.143968
http://www.prounlimited.com/proqrg/fb/,http://lm.facebook.com/l.php?h=ATNT-lD9xiiivffvPnaDII8VqXd_5EtIeKjdlkiJb-BAjFBhLSF69aoi8dm9wjGoGIAjQE-SSRFx4pw8hMRokGLxrD_LTSnO1r2Io6oi6gBLSIq8VUsLMWRuNJny&s=1&u=http%3A%2F%2Fwww.prounlimited.com%2Fproqrg%2Ffb%2F,2017-03-29 18:45:43.153444
https://www.facebook.com/policies/cookies/,https://www.facebook.com/login.php?next=https%3A%2F%2Fwww.facebook.com%2Fads%2Fpreferences%2F%3Fentry_product%3Dad_settings_screen,2017-03-29 18:45:43.198012
https://m.facebook.com/home.php?refid=52,https://m.facebook.com/story.php?_ft_=top_level_post_id.533552486758927%3Atl_objid.533552486758927%3Athid.187025651411614%3A306061129499414%3A2%3A0%3A1491029999%3A2124551540547142438&id=187025651411614&refid=17&story_fbid=533552486758927,2017-03-29 18:45:43.424674
https://m.facebook.com/home.php?refid=52,https://m.facebook.com/story.php?_ft_=top_level_post_id.1079210785526425%3Atl_objid.1079210785526425%3Athid.187025651411614%3A306061129499414%3A2%3A0%3A1491029999%3A-4729301530845057428&id=187025651411614&refid=17&story_fbid=1079210785526425,2017-03-29 18:45:43.487425
https://m.facebook.com/home.php,https://m.facebook.com/login/identify/?ctx=recover&c=https%3A%2F%2Fm.facebook.com%2Flogin.php%3Fnext%3Dhttps%253A%252F%252Fm.facebook.com%252Ftimeline%252Fapp_collection%252F%253Fcollection_token%253D100006707686998%25253A254984101287276%25253A128%2526refid%253D17%26refsrc%3Dhttps%253A%252F%252Fm.facebook.com%252FLearningLinksIndia&lwv=100&_rdr,2017-03-29 18:45:43.496383
http://www.youronlinechoices.eu/,http://lm.facebook.com/l.php?h=ATPRRCxQxM0TdCZq-aMDQNEO55K8LABmlzf96SJTgOfQLIN4CFHZy7t-SVy75g9yC7GqkkD92BYS3hDK3UOn7Mnzn8wyv3VWl_Z7lLfWXqwaQbaLdD0M6Q_vzFF_&s=1&u=http%3A%2F%2Fwww.youronlinechoices.eu%2F,2017-03-29 18:45:43.514535
https://m.facebook.com/home.php?ref=pf&ref_component=mbasic_home_logo&ref_page=XPolicyCenterController,https://m.facebook.com/policies?ref=pf,2017-03-29 18:45:43.548340
https://www.bing.com/maps/default.aspx?FORM=FBKPL1&cp=28.6455002%7E77.1779938&lvl=16&mid=8100&mkt=ja-JP&mode=D&pc=FACEBK&rtop=0%7E0%7E0%7E&rtp=%7Epos.28.6455002_77.1779938_Learning+Links+Foundation&sty=r&v=2,https://lm.facebook.com/l.php?h=ATOkSV0o9egJXtwXIJxjA7ILUll1R-3k9TbADUrWWStkuHupQd_8du9bZtGR3MhOEh8hUX9JeWDPWz3ifVAtjNll4KaGISxrBS8couHoCcgVvC-9-tRk0QYii3AI&s=1&u=https%3A%2F%2Fwww.bing.com%2Fmaps%2Fdefault.aspx%3Fv%3D2%26pc%3DFACEBK%26mid%3D8100%26rtp%3D%257Epos.28.6455002_77.1779938_Learning%2BLinks%2BFoundation%26cp%3D28.6455002%257E77.1779938%26lvl%3D16%26sty%3Dr%26rtop%3D0%257E0%257E0%257E%26mode%3DD%26FORM%3DFBKPL1%26mkt%3Dja-JP,2017-03-29 18:45:43.557420
https://www.facebook.com/policies/cookies/,https://pt-br.facebook.com/help/?ref=pf,2017-03-29 18:45:43.662657
https://instagram.com/,https://l.facebook.com/l.php?h=ATNEUISg3WaYtfTtBKo8k8jqFvAMimw0Lh3NIYCITi08LkdKWoXH0zFD8xf8jyuI7XYqE4bPwaj4XmETlpveM6PDIP9eZlHl3eXtZbG_cIiPzCYzeU756GpDRvRZ&s=1&u=https%3A%2F%2Finstagram.com%2F,2017-03-29 18:45:43.700698
https://m.facebook.com/home.php?refid=17,https://m.facebook.com/vaasanyliopisto/,2017-03-29 18:45:43.746557
http://momentsapp.com/,http://l.facebook.com/l.php?h=ATMkRSR1rmKkXHX96V1aA3mpHae44BmrcYNznZgV1tnTKbXjP2CoXBYGkWrXSRROTnmXBy2vIBBYa2W3FDIIBYP7vY214QTnAk2TegkguRa1QzAPnMl3QRPxUFi5&s=1&u=http%3A%2F%2Fmomentsapp.com%2F,2017-03-29 18:45:43.808494
https://m.facebook.com/home.php,https://m.facebook.com/privacy/explanation,2017-03-29 18:45:43.915191
https://m.facebook.com/home.php?refid=17,https://m.facebook.com/VAMKyourself/,2017-03-29 18:45:44.036927
https://www.facebook.com/policies/cookies/,https://ar-ar.facebook.com/login.php?next=https%3A%2F%2Fwww.facebook.com%2Fads%2Fpreferences%2F%3Fentry_product%3Dad_settings_screen,2017-03-29 18:45:44.091340
https://m.facebook.com/home.php,https://m.facebook.com/r.php?next=https%3A%2F%2Fm.facebook.com%2Fstory.php%3F_ft_%3Dtop_level_post_id.533552486758927%253Atl_objid.533552486758927%253Athid.187025651411614%253A306061129499414%253A2%253A0%253A1491029999%253A2124551540547142438%26id%3D187025651411614%26refid%3D17%26story_fbid%3D533552486758927&refid=52,2017-03-29 18:45:44.151787
https://m.facebook.com/reg/?cid=102&refid=9,https://m.facebook.com/login.php?next=https%3A%2F%2Fm.facebook.com%2Fstory.php%3F_ft_%3Dtop_level_post_id.533552486758927%253Atl_objid.533552486758927%253Athid.187025651411614%253A306061129499414%253A2%253A0%253A1491029999%253A2124551540547142438%26id%3D187025651411614%26refid%3D17%26story_fbid%3D533552486758927&refid=52&refsrc=https%3A%2F%2Fm.facebook.com%2FFoundationForLearning%2F,2017-03-29 18:45:44.161759
https://m.facebook.com/home.php?refid=17,https://m.facebook.com/FoundationForLearning/?__tn__=C&_ft_=top_level_post_id.533552486758927%3Atl_objid.533552486758927%3Athid.187025651411614%3A306061129499414%3A2%3A0%3A1491029999%3A2124551540547142438&refid=17,2017-03-29 18:45:44.225239
https://m.facebook.com/home.php?ref=pf&ref_component=mbasic_home_logo&ref_page=XPolicyCenterResourcesController,https://m.facebook.com/policies/resources?ref=pf,2017-03-29 18:45:44.246858
https://www.facebook.com/policies/cookies/,https://pt-br.facebook.com/login.php?next=https%3A%2F%2Fwww.facebook.com%2Fads%2Fpreferences%2F%3Fentry_product%3Dad_settings_screen,2017-03-29 18:45:44.282786
https://m.facebook.com/home.php?refid=17,https://m.facebook.com/FoundationForLearning/?__tn__=C&_ft_=top_level_post_id.533552486758927%3Atl_objid.533552486758927%3Athid.187025651411614&refid=52,2017-03-29 18:45:44.308801
https://m.facebook.com/home.php?ref=pf,https://m.facebook.com/communitystandards?ref=pf,2017-03-29 18:45:44.421314
https://m.facebook.com/home.php?ref=pf,https://m.facebook.com/policy?ref=pf,2017-03-29 18:45:44.483364
http://www.youronlinechoices.eu/,http://www.youronlinechoices.eu/,2017-03-29 18:45:44.661876
https://l.facebook.com/l.php?h=ATNlG0XQAA0WzueuXDuni4N4MChdQ6B9Kc4JCEIY1Xxc3G61UsaG6gNnZeeIDFGzgDkmAI7hoxsbt1Bb9eGIrTf8m2PgrdYOMIqINyTlvHa105NHFHHZfc_uOfBf&s=1&u=https%3A%2F%2Fwww.fbf8.com%2F,https://developers.facebook.com/,2017-03-29 18:45:44.693561
https://m.facebook.com/home.php,https://m.facebook.com/search/106440636059437/places-in/161422927240513/places/intersect/?refid=17,2017-03-29 18:45:44.707150
https://m.facebook.com/home.php,https://m.facebook.com/vaasanyliopisto/photos/a.10150288972347627.410178.359301592626/10156067370467627/?_ft_=top_level_post_id.10156067370467627%3Atl_objid.10156067370467627%3Athid.359301592626%3A306061129499414%3A69%3A0%3A1491029999%3A6133345908088411858&refid=17&type=3,2017-03-29 18:45:44.772891
https://m.facebook.com/home.php?refid=52,https://m.facebook.com/story.php?_ft_=top_level_post_id.10156050105547627%3Atl_objid.10156050105547627%3Athid.359301592626%3A306061129499414%3A3%3A0%3A1491029999%3A-3317657229345884923&id=359301592626&refid=17&story_fbid=10156050105547627,2017-03-29 18:45:44.786904
https://www.facebook.com/policies/cookies/,https://www.facebook.com/business/?ref=pf&_rdr,2017-03-29 18:45:45.011324
https://m.facebook.com/home.php?refid=17,https://m.facebook.com/turunkaupunki/?refid=17,2017-03-29 18:45:45.315801
https://instagram.com/,https://l.facebook.com/l.php?h=ATOuuJGTbpP0_MhPi747Xcb__hpM52c0PEz5Odj3ARUSqVav6zUt_SytKyeXBPMZ1qqiGhgdzgKS2Kwh3YiKGXKxJ7z5bmjpcssCvO6ljwIn_QtaQB06zcxNaS2C&s=1&u=https%3A%2F%2Finstagram.com%2F,2017-03-29 18:45:45.330054
http://momentsapp.com/,http://l.facebook.com/l.php?h=ATNdcAPb7UeB-er4J8wH0s2Kx4Ur2tEM4FBTs0LTmEjpujEK41_yhHcqZPabbcsMYtPfVtojDlhT_kaWEg95gLW4yJfnkqJ5AeFjHFf5ut4xybARKfQA1_exMU9s&s=1&u=http%3A%2F%2Fmomentsapp.com%2F,2017-03-29 18:45:45.338603
https://m.facebook.com/home.php?refid=17,https://m.facebook.com/vaasanyliopisto/?__tn__=C&_ft_=top_level_post_id.10156070833547627%3Atl_objid.10156070833547627%3Athid.359301592626%3A306061129499414%3A3%3A0%3A1491029999%3A4203805605492671302&refid=17,2017-03-29 18:45:45.420020
http://www.uva.fi/fi/for/alumni/events/,http://lm.facebook.com/l.php?u=http%3A%2F%2Fwww.uva.fi%2Ffi%2Ffor%2Falumni%2Fevents%2F&h=ATMhGNYoV7oboeklljNp9NlkI9gIv_xsKZ3cXHVzh1UYpz5v8ROOPzOcB8SLYXZjmUgfYl8sAkNGOZ8ageW7oKCR8wDwGcczM8y432exziFXbu4Tzv1WsbrZgcoahw,2017-03-29 18:45:45.466826
https://m.facebook.com/help/?helpref=header_back&ref=pf&refid=69,https://m.facebook.com/help/111814505650678?ref=pf,2017-03-29 18:45:45.900807
https://m.facebook.com/home.php?locale2=pt_BR,https://m.facebook.com/r.php?display=page&locale=pt_BR&next=https%3A%2F%2Fwww.facebook.com%2Fads%2Fpreferences%2F%3Fentry_product%3Dad_settings_screen,2017-03-29 18:45:45.941972
https://m.facebook.com/home.php,https://m.facebook.com/login/identify/?ctx=recover&c=https%3A%2F%2Fm.facebook.com%2Flogin.php%3Fnext%3Dhttps%253A%252F%252Fm.facebook.com%252Fstory.php%253F_ft_%253Dtop_level_post_id.533552486758927%25253Atl_objid.533552486758927%25253Athid.187025651411614%25253A306061129499414%25253A2%25253A0%25253A1491029999%25253A2124551540547142438%2526id%253D187025651411614%2526refid%253D17%2526story_fbid%253D533552486758927%26refid%3D52%26refsrc%3Dhttps%253A%252F%252Fm.facebook.com%252FFoundationForLearning%252F&lwv=100&_rdr,2017-03-29 18:45:45.962755
https://m.facebook.com/home.php,https://m.facebook.com/search/106440636059437/places-in/161422927240513/places/intersect/?page=2,2017-03-29 18:45:46.000297
https://m.facebook.com/home.php?refid=17,https://m.facebook.com/facebook,2017-03-29 18:45:46.034340
https://www.facebook.com/policies/cookies/,https://pt-br.facebook.com/help/213395615347144?helpref=topq,2017-03-29 18:45:46.276992
https://m.facebook.com/reg/?cid=102,https://m.facebook.com/login/?_ft_=top_level_post_id.10156050105547627%3Atl_objid.10156050105547627%3Athid.359301592626&next=https%3A%2F%2Fm.facebook.com%2Fstory.php%3F_ft_%3Dtop_level_post_id.10156050105547627%253Atl_objid.10156050105547627%253Athid.359301592626%253A306061129499414%253A3%253A0%253A1491029999%253A-3317657229345884923%26id%3D359301592626%26refid%3D17%26story_fbid%3D10156050105547627&refid=52,2017-03-29 18:45:46.499207
https://www.lyyti.in/alumnigaala,https://lm.facebook.com/l.php?enc=AZNipb_U10Enqmw3POisueKYO-J-m24rKfrhc4Tl7KLAZ_91mNdyDwpZl57ik785CGqiyi0b6iyfcraWUfrJtq51eqnHbseVfISQnw1YubdDKzXdChS9DfZ9X8bggX6_QAv0tJok65SEL74VMg5nOJpdRX7Y8xv7577Kk6Eo_XYYW4gqdLocj1MfQSPiOW8QPs6AMHwTHRwOwTg1OgZrbh444aF81PuQJ68-dFvSnMT0f_ksar1Kz6GrEZKhMdVYI4BVUVr-nOgLgGCTH3g1lqpTg9poTZP3H6_8rSCxafN1ZUFi_rftr-jkMxWRqJaBqwFP0f1wh2IXLb7M41QumKrhekfNYO9OTxq2wWhuNH6b_g&h=ATN2LhSg-15i-iykXPQle76gSiY44iGO3uv68OIdxx-MYsWpqyGlTgxVcGYPu-eZeWRsChP9nYwcDsWbqbkUnQDntlZQH58etDPg-ftH3U8397JZ4rrAHhSlEiC3&s=1&u=https%3A%2F%2Fwww.lyyti.in%2Falumnigaala,2017-03-29 18:45:46.524783
https://m.facebook.com/home.php?refid=17,https://m.facebook.com/zabadakungdomshus/,2017-03-29 18:45:46.566320
https://m.facebook.com/home.php?refid=17,https://m.facebook.com/taidepajat/,2017-03-29 18:45:46.614725
https://m.facebook.com/home.php?refid=17,https://m.facebook.com/Lentodiilit/?refid=17,2017-03-29 18:45:46.721420
https://m.facebook.com/home.php?refid=17,https://m.facebook.com/maariankehe/,2017-03-29 18:45:46.975409
http://www.uva.fi/fi/for/alumni/events/,http://lm.facebook.com/l.php?u=http%3A%2F%2Fwww.uva.fi%2Ffi%2Ffor%2Falumni%2Fevents%2F&h=ATN3ltAwmTMF87ft4i6V87g-zvrnVXfc6tMm8anqPt43xEPMqe_f-Ta1t4S5PaLMEPNwUSw3Mux0LdTHcjRG4dd8H3PVWawiPopOZuLDn_wKChFkhc9fMj2mbmUsLA,2017-03-29 18:45:47.018063
https://m.facebook.com/home.php?refid=52,https://m.facebook.com/story.php?_ft_=top_level_post_id.10155528857406729%3Atl_objid.10155528857406729%3Athid.20531316728%3A306061129499414%3A2%3A0%3A1491029999%3A-4372540255172050445&id=20531316728&refid=17&story_fbid=10155528857406729,2017-03-29 18:45:47.091186
https://m.facebook.com/help/?helpref=header_back&ref=pf&refid=69,https://m.facebook.com/help/116356655118482?helpref=related&ref=pf&refid=69,2017-03-29 18:45:47.111062
http://www.uva.fi/fi/news/brandijohtamisen_kurssi/,http://lm.facebook.com/l.php?u=http%3A%2F%2Fwww.uva.fi%2Ffi%2Fnews%2Fbrandijohtamisen_kurssi%2F&h=ATMaI7Z7ewQ7v6VPybbiVPzLNEwVAJBTDXh4rCb00HqIjX74OS6sH-VIxvKNKay3OkEr-i6Fk6HMIdBorGxzqiZ44NhP27A9WKc_gnBveticIkDIT0051Izku_NfaA,2017-03-29 18:45:47.137780
https://developers.facebook.com/policy?ref=pf,https://developers.facebook.com/policy?ref=pf,2017-03-29 18:45:47.228253
https://www.lentodiilit.fi/?p=39143,https://lm.facebook.com/l.php?enc=AZOLdfNypouvnbHbBmZy1ujDNccxFMnt2q-Mp-80kT6P8b4XdLjjgzZ4BeNoNXaqmtNUwRxzLM3qRNLywaGoo7TthgB_7JecFUyDpetY6GbqbgEy-An3ATwuANyLCVZxm68fjgt2ZBOtDmRe5Uoy4MJNjHmMHtv8G-j7MmvBR7y4VDkaN1OMqFySpVpsN0h1qh-HZtTBVOnX6yYuG4xHMLWECW9jvRCYRU7pkG84S-8Y6K-GI-Y3noMKUUCqihzkAjqrq-m4ImQJfsqLFhxjife6omBjj9OIQRYfG4Ipbcyr2OuMzz0bxNQv4wlzPlIY-Kb0QZsxdSNxZugDqLsA8Bi7jbBTaM4udu6QqAll1sMCSg&h=ATPGlcs94hsNTwBiSkKbt7CPl0H_2p15h5SiNIug-bnkKh4PssLr1gaCRIdsHkFnOTKh35lgR7HnFuRJnoq0D2G3iOxKTeQixAINmBCPmc-bfg9ljDI78HnGv1sT&s=1&u=https%3A%2F%2Fwww.lentodiilit.fi%2F%3Fp%3D39143,2017-03-29 18:45:47.528812
https://www.lentodiilit.fi/?p=39143,https://lm.facebook.com/l.php?enc=AZNA3Ne-Go00i2K8RwGJXfFa1b9EsTHOYXG9jN08A268RIfmlM4OYLEen3i2abTBWEabfrZM2YrGUBpoHYUGOird-NIqJsNj6j3jL6zMXYnzlgahRODDR3VT5_XvuzaYPmuAE_y6xMVzlVsqfwGqrbM_0OOlGM5WUy1Gle7-ckgrdyw1gr3tsm0UKwSH9DFHNF4natKSOabMmN4bP2piGgftIOgfZ3G5e5nrZvso0rZpFdZpaXtaMSH5qU0rxdVGVrwkV_l_hyNQMZeWJV0iaSdQQ8OLezrGb1A6mWwjwWz_ns9T-YOMvabsufBSdZpzaNz0l6sjAutHCzy0S0RtUZXrFc36ecdmtfiMwQFGrULXsw&h=ATPP0Lm147hqpHBThhR4hhieA4dpDEPMVL1NurPRgjBThbQj9Fqa5w0Jt41bnAw3Ixwg-UcNl-qabRLO-Bwl9Pr4ob3aMiZED8Yz2YHtGQzUGLS4hDv9MHjKvtVe&s=1&u=https%3A%2F%2Fwww.lentodiilit.fi%2F%3Fp%3D39143,2017-03-29 18:45:47.598814
https://m.facebook.com/home.php?refid=52,https://m.facebook.com/story.php?_ft_=top_level_post_id.1140790772711111%3Atl_objid.1140790772711111%3Athid.257310074392523%3A306061129499414%3A3%3A0%3A1491029999%3A-2020090099223683136&id=257310074392523&refid=17&story_fbid=1140790772711111,2017-03-29 18:45:47.707205
https://m.facebook.com/home.php?refid=17,https://m.facebook.com/TYYInternationalSector/,2017-03-29 18:45:47.765336
https://m.facebook.com/home.php?refid=52,https://m.facebook.com/story.php?_ft_=top_level_post_id.1141486855974836%3Atl_objid.1141486855974836%3Athid.257310074392523%3A306061129499414%3A3%3A0%3A1491029999%3A7208760297769153780&id=257310074392523&refid=17&story_fbid=1141486855974836,2017-03-29 18:45:47.819516
http://www.uva.fi/fi/news/brandijohtamisen_kurssi/,http://lm.facebook.com/l.php?u=http%3A%2F%2Fwww.uva.fi%2Ffi%2Fnews%2Fbrandijohtamisen_kurssi%2F&h=ATPyd2vW40k_6XiWT5XCeYtH516t7dRurYkI_cZgaKfkIuhUZCB94tRqfFaX86sUeIvXYVvpXuHGPGj9ZL_6p5JQPhm-T3UlILCtxpHehmpJBOlZh2ePUYOvpmz7-g,2017-03-29 18:45:47.840415
http://www.lentodiilit.fi/2017/03/29/lennot-islantiin-169-euroa/,http://lm.facebook.com/l.php?u=http%3A%2F%2Fwww.lentodiilit.fi%2F2017%2F03%2F29%2Flennot-islantiin-169-euroa%2F&h=ATMGr38FEtLz6Z4aDAAbow1KGCjAIJLERd2WXghU6qnbiukI3CDN1V9SSWnRLTeiissjLNqlTOCBAQ-AUgLt0znOOmRsM3pILofQ8TWHUlHm7mOW2Qd1DNatuHu8rg,2017-03-29 18:45:48.037721
https://m.facebook.com/home.php,https://m.facebook.com/login/identify/?ctx=recover&c=https%3A%2F%2Fm.facebook.com%2Flogin%2F%3F_ft_%3Dtop_level_post_id.10156050105547627%253Atl_objid.10156050105547627%253Athid.359301592626%26next%3Dhttps%253A%252F%252Fm.facebook.com%252Fstory.php%253F_ft_%253Dtop_level_post_id.10156050105547627%25253Atl_objid.10156050105547627%25253Athid.359301592626%25253A306061129499414%25253A3%25253A0%25253A1491029999%25253A-3317657229345884923%2526id%253D359301592626%2526refid%253D17%2526story_fbid%253D10156050105547627%26refid%3D52&lwv=100&_rdr,2017-03-29 18:45:48.052541
https://m.facebook.com/home.php?refid=17,https://m.facebook.com/Lentodiilit/?__tn__=C&_ft_=top_level_post_id.1140790772711111%3Atl_objid.1140790772711111%3Athid.257310074392523%3A306061129499414%3A3%3A0%3A1491029999%3A-2020090099223683136&refid=17,2017-03-29 18:45:48.405228
https://developers.facebook.com/docs/app-events/ios,https://developers.facebook.com/docs/app-events,2017-03-29 18:45:48.654782
https://m.facebook.com/home.php?refid=52,https://m.facebook.com/story.php?_ft_=top_level_post_id.1361205070568610%3Atl_objid.1361205070568610%3Athid.959727294049725%3A306061129499414%3A3%3A0%3A1491029999%3A5667742978334215071&id=959727294049725&refid=17&story_fbid=1361205070568610,2017-03-29 18:45:48.921344
https://www.facebook.com/policies/cookies/,https://www.facebook.com/legal/commerce_product_merchant_agreement,2017-03-29 18:45:48.958385
https://www.facebook.com/policies/cookies/,https://www.facebook.com/login.php?next=https%3A%2F%2Fwww.facebook.com%2Fhelp%2Fcontact%2F919889051467941,2017-03-29 18:45:49.348776
https://developers.facebook.com/docs/apps/review/branding,https://developers.facebook.com/docs/messenger/brand-guidelines,2017-03-29 18:45:49.387022
https://www.lentodiilit.fi/?p=39143,https://lm.facebook.com/l.php?enc=AZMecUdSDsFDb07qgxYWpzo6MIr621v1n35j2bFEVPll8lIQ8FBpSNsiKGlv9XXMaWN8KCW2Fr9JnJJcewvhguB268BjLPLTwRzwEocX6jZ5aiRtdEKZUUpoS4A_xU4-fpfL1TH9QGp5n-FZvQ3gWnrrBoi_8Dxm7EUowZlbrZLAnrPdVc2YRo0tJ4tQpRulaif4i44azpNIAP50WucNEkaKF6u0Lnn6CkBkiuNwrpnUVGAEVfAc7XNGgX9mLXoezh7uPDziIfrwKnKWbYBGhH1uOT97WvX-sxHue0xgQG8ukYf4uBruNeVJ4iEuzp0QSVu7HzOw6tquoZpuGW8MOm4qTW0yCNVGgdeQ8kpKG9s7XQ&h=ATPy2eOS3DDqfdnC-iHDfLk5lXJBu0uDdiDUhuLROmw4FZd97KnNA9QR-AWLjtf9K4L9JRnw-qnute0WlYvPiwFyY9cL62rKatCitO6WP835aNzI8Rm6-YD2fOOz&s=1&u=https%3A%2F%2Fwww.lentodiilit.fi%2F%3Fp%3D39143,2017-03-29 18:45:49.392685
https://www.facebook.com/policies/cookies/,https://ar-ar.facebook.com/help/213395615347144?helpref=topq,2017-03-29 18:45:49.425640
https://m.facebook.com/home.php,https://m.facebook.com/events/145512252639082?_ft_=top_level_post_id.1361205070568610%3Atl_objid.1361205070568610%3Athid.959727294049725%3A306061129499414%3A3%3A0%3A1491029999%3A5667742978334215071&acontext=%7B%22ref%22%3A%22104%22%2C%22action_history%22%3A%22null%22%7D&aref=104&refid=17,2017-03-29 18:45:49.432840
https://www.facebook.com/policies/cookies/,https://de-de.facebook.com/help/213395615347144?helpref=topq,2017-03-29 18:45:49.521259
https://instagram.com/,https://l.facebook.com/l.php?h=ATNP9POqWhLoMOK5Je2UK_SvKdHcaeORdXMj8JEQtYncFO8l41DijDQUqgAWDq_X4VYgdFJRStPU04tDZrOEt5zOCoW6XOJ56wLKfXjZ-ag_xNtvuMy7D9c2K2Lq&s=1&u=https%3A%2F%2Finstagram.com%2F,2017-03-29 18:45:49.675262
http://momentsapp.com/,http://l.facebook.com/l.php?h=ATOAgG9SS1kc_XyRiu9WLT1VTU_nEFH7UUbLMzjmM91Yo29pdeN6Xv_UnFrRVTzwmaGicLRGMbQCLtPDMANSd725UNONoWPv1fa5DBJoRpUqHPHJWsS8m6v99yeU&s=1&u=http%3A%2F%2Fmomentsapp.com%2F,2017-03-29 18:45:49.685295
https://developers.facebook.com/docs/app-events,https://developers.facebook.com/docs/app-ads/optimization,2017-03-29 18:45:49.959243
https://www.facebook.com/policies/cookies/,https://pt-br.facebook.com/legal/commerce_product_merchant_agreement,2017-03-29 18:45:50.318050
https://www.facebook.com/policies/cookies/,https://ar-ar.facebook.com/legal/commerce_product_merchant_agreement,2017-03-29 18:45:50.372418
https://www.facebook.com/policies/cookies/,https://www.facebook.com/login.php?next=https%3A%2F%2Fwww.facebook.com%2Fads%2Fmanage%2Fpowereditor%2F,2017-03-29 18:45:50.740664
https://developers.facebook.com/docs/messenger/ios,https://developers.facebook.com/docs/messenger-expressions,2017-03-29 18:45:50.769279
https://research.fb.com/,https://research.fb.com/?ref=pf,2017-03-29 18:45:50.939963
http://momentsapp.com/,http://l.facebook.com/l.php?h=ATP7P5bY-js3Zp-KoHVsxVFPDit8ppPVutHWoRHummA59upMFZUgZMqOQcezeIEQWy3Dhb7oI3sHp6YXkMmOrCCHDmdZ1vpxYFUrcj4n5etB4bz1_w7FDZD_FPpV&s=1&u=http%3A%2F%2Fmomentsapp.com%2F,2017-03-29 18:45:51.245242
https://instagram.com/,https://l.facebook.com/l.php?h=ATO5cPiA-uTPczq45OQ_80-Jb9XIi8wwdj8YH0OamWzcRfBnM43k8hOe5aOVrzPo386MQmR9fXr1NsNa3ij3OZb3IPNAv34jHou5Mfrg3g0synIOW0GvfX3hC88I&s=1&u=https%3A%2F%2Finstagram.com%2F,2017-03-29 18:45:51.442993
https://www.lentodiilit.fi/,https://www.lentodiilit.fi/2017/03/29/lennot-islantiin-169-euroa/,2017-03-29 18:45:51.721859
https://instagram.com/,https://l.facebook.com/l.php?h=ATMDjhYZhA4ZegMI6ecZYsaHJPW2sSUcP9DeJ3LJdadMzDS7q0EtxVr-cR7I6ifacHVNDWtbGSGaSij1_wsOWOPpCD5k0OkkMzmRf262u7mQPqvS1S6oNcpBR0pD&s=1&u=https%3A%2F%2Finstagram.com%2F,2017-03-29 18:45:51.744423
https://www.facebook.com/policies/cookies/,https://de-de.facebook.com/legal/commerce_product_merchant_agreement,2017-03-29 18:45:51.789314
https://www.facebook.com/policies/cookies/,https://gl-es.facebook.com/legal/commerce_product_merchant_agreement,2017-03-29 18:45:51.873238
https://www.lentodiilit.fi/,https://www.lentodiilit.fi/2017/03/28/4-paivaa-lontoossa-289-euroa/,2017-03-29 18:45:51.951341
https://research.fb.com/,https://research.fb.com/programs/faculty-awards,2017-03-29 18:45:52.031722
https://www.facebook.com/policies/cookies/,https://gl-es.facebook.com/help/213395615347144?helpref=topq,2017-03-29 18:45:52.106492
https://www.facebook.com/policies/cookies/,https://it-it.facebook.com/help/213395615347144?helpref=topq,2017-03-29 18:45:52.184300
https://www.lyyti.fi/reg/alumnigaala/fi/,https://www.lyyti.fi/reg/alumnigaala,2017-03-29 18:45:52.236165
https://www.facebook.com/policies/cookies/,https://ar-ar.facebook.com/help/866249956813928?helpref=hc_global_nav,2017-03-29 18:45:52.472077
https://instagram.com/,https://l.facebook.com/l.php?h=ATM5xKnhB69JJSyCDQd7BQs6fJSFp6vQWbAlPkF9_UnuSNRDDM6t0_-HxLM8rkn2_fbhHJz97hie0lEh29uxVC3DoWOwDisJsGIUGJV39TcqRY1GGSWFdmLGi6w-&s=1&u=https%3A%2F%2Finstagram.com%2F,2017-03-29 18:45:52.498859
https://www.facebook.com/policies/cookies/,https://gl-es.facebook.com/directory/celebrities/,2017-03-29 18:45:52.699298
https://www.lentodiilit.fi/,https://www.lentodiilit.fi/category/lentotarjoukset/,2017-03-29 18:45:52.799177
https://www.facebook.com/policies/cookies/,https://de-de.facebook.com/help/225861947424289?helpref=related&ref=related,2017-03-29 18:45:52.889260
https://m.facebook.com/home.php?locale2=de_DE,https://m.facebook.com/r.php?locale=de_DE,2017-03-29 18:45:52.905202
http://www.tradedoubler.com/,http://clk.tradedoubler.com/click?adultsv2=1&cabinclass=economy&children=0&childrenv2=&inboundaltsenabled=false&infants=0&outboundaltsenabled=false&p%28224460%29a%282187717%29g%2820638274%29url%28https%3A%2F%2Fwww.skyscanner.fi%2Fliikennevalineet%2Flennot%2Fhel%2Fkef%2F170825%2F170829%2Flentolippujen-hinnat-mista-helsinki-vantaa-mihin-reykjavik-keflavik-missa-elokuu-2017.html%3Fadults=1&preferdirects=false&ref=day-view%29&rtn=1,2017-03-29 18:45:52.976912
https://www.facebook.com/policies/cookies/,https://www.facebook.com/about/basics,2017-03-29 18:45:53.190683
https://research.fb.com/,https://research.fb.com/publications/on-user-and-traffic-distribution-for-extreme-rural-scenario/,2017-03-29 18:45:53.250301
https://instagram.com/,https://l.facebook.com/l.php?h=ATNdDpQnoJcfFnGjRuyy4Yu3151ACAdon8Wn_JLSuQ2n1evAOl_P6N4dJtOppmHbry5qeOXpfLYC4YJKaNEgCMLSqeTw4ypSVC04FEqFr-t3SjAZ9xKVNeWLpIJK&s=1&u=https%3A%2F%2Finstagram.com%2F,2017-03-29 18:45:53.569454
http://www.iclr.cc/,http://www.iclr.cc/doku.php?id=ICLR2017:main&redirect=1,2017-03-29 18:45:53.724621
https://www.facebook.com/policies/cookies/,https://www.facebook.com/directory/celebrities/K,2017-03-29 18:45:53.863298
http://www.www2017.com.au/,http://www.www2017.com.au/,2017-03-29 18:45:53.893295
https://research.fb.com/,https://research.fb.com/publications/luminescent-detector-for-free-space-optical-communication/,2017-03-29 18:45:54.091894
https://research.fb.com/,https://research.fb.com/facebook-demonstrates-record-breaking-data-rate-using-millimeter-wave-technology/,2017-03-29 18:45:54.296219
https://www.usenix.org/,https://www.usenix.org/conference/nsdi17,2017-03-29 18:45:54.604639
https://developers.facebook.com/products/marketing-api/async/get-started/dialog/,https://developers.facebook.com/docs/marketing-apis,2017-03-29 18:45:54.776025
https://research.fb.com/,https://research.fb.com/harnessing-light-for-wireless-communications/,2017-03-29 18:45:54.802050
https://www.facebook.com/policies/cookies/,https://www.facebook.com/login?next=https%3A%2F%2Fwww.facebook.com%2Fabout%2Fbasics,2017-03-29 18:45:54.895012
https://www.facebook.com/policies/cookies/,https://fr-fr.facebook.com/help/866249956813928?helpref=hc_global_nav,2017-03-29 18:45:54.923428
https://research.fb.com/,https://research.fb.com/people/tiecke-tobias/,2017-03-29 18:45:55.162699
https://chi2017.acm.org/index.html,https://chi2017.acm.org/,2017-03-29 18:45:55.203333
http://www.iclr.cc/,http://www.iclr.cc/doku.php?id=iclr2017%3Afaq,2017-03-29 18:45:55.216626
https://www.facebook.com/policies/cookies/,https://ca-es.facebook.com/help/866249956813928?helpref=hc_global_nav,2017-03-29 18:45:55.382112
https://www.facebook.com/policies/cookies/,https://ar-ar.facebook.com/help/273947702950567?helpref=hc_global_nav,2017-03-29 18:45:55.455008
https://www.facebook.com/policies/cookies/,https://ro-ro.facebook.com/help/866249956813928?helpref=hc_global_nav,2017-03-29 18:45:55.481862
http://www.www2017.com.au/legal/credits.php,http://www.www2017.com.au/legal/credits.php,2017-03-29 18:45:55.801640
https://www.facebook.com/policies/cookies/,https://www.facebook.com/directory/celebrities/L,2017-03-29 18:45:55.826548
https://www.facebook.com/policies/cookies/,https://es-es.facebook.com/help/866249956813928?helpref=hc_global_nav,2017-03-29 18:45:55.853655
https://www.usenix.org/,https://www.usenix.org/,2017-03-29 18:45:55.892952
https://developers.facebook.com/docs/marketing-api/dynamic-product-ads/ads-management/v2.6,https://developers.facebook.com/docs/marketing-api/dynamic-product-ads/ads-management/v2.6,2017-03-29 18:45:56.383096
https://www.facebook.com/policies/cookies/,https://fr-fr.facebook.com/help/250563911970368?helpref=hc_global_nav,2017-03-29 18:45:56.436076
https://www.dokuwiki.org/template:mnml-blog,https://www.dokuwiki.org/template:mnml-blog,2017-03-29 18:45:56.525529
https://code.facebook.com/,https://code.facebook.com/posts/596471193873876/open-population-datasets-and-open-challenges/,2017-03-29 18:45:56.719012
https://www.facebook.com/policies/cookies/,https://www.facebook.com/groups/pmdcommunity/permalink/1160784867307313/,2017-03-29 18:45:56.741530
https://www.facebook.com/j.yan.forever,https://developers.facebook.com/ads/blog/post/2016/05/10/ig-dyn-ads/,2017-03-29 18:45:57.216494
https://www.usenix.org/contact,https://www.usenix.org/contact,2017-03-29 18:45:57.312071
https://code.facebook.com/,https://code.facebook.com/posts/268598690180189/flying-aquila-early-lessons-from-the-first-full-scale-test-flight-and-the-path-ahead/,2017-03-29 18:45:57.332069
https://www.usenix.org/conference-policies,https://www.usenix.org/conference-policies,2017-03-29 18:45:57.384192
https://instagram.com/,https://l.facebook.com/l.php?h=ATN-5jtNPxISacRWgrzNDn88OMRaErDvMix2Yw573LNjpfTKVgSvZVnUgjIpGlDA1Camzs8qhFTucG98NpJVfx0pR0sP-fsZMkwgfFpeknvMzWMgV2mruzkLoHIu&s=1&u=https%3A%2F%2Finstagram.com%2F,2017-03-29 18:45:57.414293
http://momentsapp.com/,http://l.facebook.com/l.php?h=ATNIvpY4-cd1mJsiFrVxiAsa4zYA9UJYZs4VWe-Yt3VLdQ-xgwk6tz-TRFtOGFJZ2Du_gI26YWvDJpwhCmxqkm1SmIcO627slLccwAdZWNpXlNAj6kXndKijIewI&s=1&u=http%3A%2F%2Fmomentsapp.com%2F,2017-03-29 18:45:57.450488
https://www.facebookmarketingdevelopers.com/samples/productimagecheck,https://l.facebook.com/l.php?h=ATOp1qsYYbq31wsqAmZvXsPTdF79w2_nWrhOzxpjlqBgMxNOiRmcu8WshnX0lpytgUCZfY497ighVK-MfZ2aa9VZ1rm2jDaGthlP7aQ_Lh3aPnMVrbXoFkgGIxHu&s=1&u=https%3A%2F%2Fwww.facebookmarketingdevelopers.com%2Fsamples%2Fproductimagecheck,2017-03-29 18:45:57.985603
https://code.facebook.com/,https://code.facebook.com/videos/,2017-03-29 18:45:58.061640
https://code.facebook.com/,https://code.facebook.com/posts/484014178459953/harnessing-light-for-wireless-communications/,2017-03-29 18:45:58.103746
https://code.facebook.com/,https://code.facebook.com/events/,2017-03-29 18:45:58.553682
https://www.facebook.com/policies/cookies/,https://ar-ar.facebook.com/help/595073553991025?helpref=uf_permalink,2017-03-29 18:45:58.616396
https://github.com/OculusVR,https://l.facebook.com/l.php?h=ATMtFQMBX37YxOgcn27MAwtzMTWPe_FNo_OFwjv-tCexDs2-hAipQ6eJEhfUHY9kSIYTeO6E8R0U08xdSv7h2FOik25LvT-E2eqFYs3CS3uMbIE1zSpSUqj__c98&s=1&u=https%3A%2F%2Fgithub.com%2FOculusVR,2017-03-29 18:45:58.693884
https://github.com/parseplatform,https://l.facebook.com/l.php?h=ATPW6PkyQzdCjMRUWFjKXDIX0f8ZWRHgNgs6_fZ2Xk4fCS_1uy7iAMuYn1aXZYjnyLUL_HM1fNHRfpvJpAP2yTjtPeo3qRmvK2SfdLBSXiVfz1KO1tJ-DLRZMrCM&s=1&u=https%3A%2F%2Fgithub.com%2Fparseplatform,2017-03-29 18:45:58.734457
https://developers.facebook.com/docs/marketing-api/generatepreview,https://developers.facebook.com/docs/marketing-api/generatepreview,2017-03-29 18:45:58.784808
https://code.facebook.com/,https://code.facebook.com/posts/1754757044806180/introducing-opencellular-an-open-source-wireless-access-platform,2017-03-29 18:45:58.866258
https://chi2017.acm.org/index.html,https://chi2017.acm.org/index.html,2017-03-29 18:45:58.971419
https://www.facebook.com/policies/cookies/,https://fr-fr.facebook.com/help/852837148154446?helpref=popular_topics&ref=popular,2017-03-29 18:45:59.030243
https://github.com/parseplatform,https://l.facebook.com/l.php?h=ATO1KeplBKvgH2ljOE0GqfPLvCM437sTEMU3qY_jHOt-BLGUyvnmdV5pax9TmjWD-Fehid9v90eDR5TGIiTJ98Q8_ACmL9bOpaF3mp3agCOKbRfFvh6JaP9xFTlk&s=1&u=https%3A%2F%2Fgithub.com%2Fparseplatform,2017-03-29 18:45:59.230178
https://github.com/instagram,https://l.facebook.com/l.php?h=ATOsnO95y_629ldNzN50y75rRm7veJSw7kyzWnTKXhQO1t12Pxci-bKrsPdkFSIKNDVkVl_QrS7oNrFaVdEE-RQuL8T8SRh1Q9mjWVWeH4tqfZl0E98R65SIQ6C2&s=1&u=https%3A%2F%2Fgithub.com%2Finstagram,2017-03-29 18:45:59.238163
https://code.facebook.com/,https://code.facebook.com/posts/255396058125462/connectivity-lab-custom-designs-two-axis-gimbal-for-air-to-air-and-air-to-ground-laser-communications/,2017-03-29 18:45:59.273974
https://developers.facebook.com/blog/,https://developers.facebook.com/ads/blog/2014/,2017-03-29 18:45:59.320046
https://www.facebook.com/policies/cookies/,https://fr-fr.facebook.com/help/1735724473377677?helpref=popular_topics&ref=popular,2017-03-29 18:45:59.398713
https://developers.facebook.com/docs/graph-api/reference/rtb-dynamic-post/,https://developers.facebook.com/docs/graph-api/reference/rtb-dynamic-post/,2017-03-29 18:45:59.480712
https://github.com/instagram,https://l.facebook.com/l.php?h=ATOaHNZq48Kt5ZS7gC76t4JwiY7EIkyHDfuyEP-HYxe5pjuALeUjahdQJ1zOqY0t6JsiuKWf57eXinkAZfjyqSWsVKl4K0nyqf-yKRe7PR2hiqyTD0GSr_ochYPk&s=1&u=https%3A%2F%2Fgithub.com%2Finstagram,2017-03-29 18:45:59.518350
https://github.com/OculusVR,https://l.facebook.com/l.php?h=ATPflbuVekVf11pBANn-iBaGJ6D3cOdaiYqugvwQusVjnAmuDnq4qikKfx6p8sSXFQT7lSY-ADJQ5Kxma_-ZOCx4yPm2Fkh0mZ-8kgdmU7JHhSFDjQDFaXw3vNtI&s=1&u=https%3A%2F%2Fgithub.com%2FOculusVR,2017-03-29 18:45:59.529704
https://github.com/OculusVR,https://l.facebook.com/l.php?h=ATNYeVPmnBOFCFDftviwYR7ZftuTIpi9XdgNnzPnYFopnhnUOrPIZDXmsWXcHUCB_7KyCXzTXhsGPwHhVJqMMYtGFcGAWLAq8ND2vE30nzA7UDW6b00gkO7wRmiY&s=1&u=https%3A%2F%2Fgithub.com%2FOculusVR,2017-03-29 18:45:59.573901
https://code.facebook.com/,https://code.facebook.com/posts/,2017-03-29 18:45:59.685413
https://www.facebook.com/policies/cookies/,https://ar-ar.facebook.com/help/1501718476825210?helpref=faq_content,2017-03-29 18:45:59.893071
https://github.com/OculusVR,https://github.com/OculusVR,2017-03-29 18:46:00.235742
https://code.facebook.com/,https://code.facebook.com/events/1480925765466862/analytics-scale-2013/,2017-03-29 18:46:00.984832
https://developers.facebook.com/docs/marketing-api/reference/ad-preview/,https://developers.facebook.com/docs/marketing-api/reference/ad-preview/,2017-03-29 18:46:01.309413
https://developers.facebook.com/docs/marketing-api/reference/adgroup,https://developers.facebook.com/docs/marketing-api/reference/adgroup,2017-03-29 18:46:01.625824
